2PA,2P%,3PA,3P%,FTA,FT%,TRB,AST,STL,BLK,TOV,HGT,WGT,POS
6.0,.604,0.1,0,3.6,.708,6.0,0.6,0.7,1.3,1.5,201,106,PF
5.5,.571,0.0,0,2.2,.443,6.3,0.6,0.7,2.0,1.1,213,113,C
5.5,.539,5.4,.373,3.6,.781,3.5,1.9,0.6,0.2,2.0,196,97,SG
6.1,.574,0.0,0,3.2,.729,7.7,0.6,0.5,2.3,1.2,211,111,C
8.9,.586,0.0,0,4.7,.649,8.2,0.6,1.3,1.8,1.6,211,108,C
9.4,.579,0.2,.000,4.5,.564,8.4,0.8,0.6,1.5,2.5,211,106,C
4.8,.482,1.8,.400,3.1,.725,3.6,3.3,1.3,0.7,2.0,190,81,PG
9.3,.508,2.2,.347,5.2,.682,5.5,2.9,2.0,0.8,2.8,193,96,SF
8.9,.522,1.7,.238,5.7,.687,9.4,1.4,1.2,1.3,2.9,206,97,PF
4.1,.481,2.8,.357,2.7,.752,3.5,1.8,0.6,0.9,1.3,198,102,SF
8.5,.532,4.7,.396,5.0,.841,9.0,1.0,0.5,0.5,1.8,206,97,PF
3.5,.564,0.0,0,1.5,.535,4.0,0.2,0.2,1.2,0.8,208,113,C
3.3,.652,1.5,.365,1.8,.522,3.5,0.8,1.0,0.9,1.1,203,97,SF
3.5,.453,5.1,.358,3.2,.800,2.3,3.7,1.2,0.0,1.8,190,88,PG
7.0,.509,3.0,.237,4.5,.504,6.5,2.1,1.7,0.4,3.2,203,90,SF
8.5,.552,0.2,.118,2.7,.676,5.5,0.6,0.7,1.4,1.6,206,102,PF
5.8,.524,3.3,.378,3.6,.759,4.6,2.3,0.5,0.3,1.9,201,99,SG
8.2,.463,4.1,.402,5.5,.808,2.9,6.2,1.4,0.0,3.0,183,81,PG
11.0,.494,2.6,.421,5.8,.893,8.1,1.8,0.9,0.8,2.1,206,102,SF
9.3,.510,4.1,.312,4.2,.733,5.0,1.6,1.0,0.1,2.1,201,95,SG
4.4,.509,5.3,.369,3.5,.801,4.2,2.8,1.3,0.6,1.4,193,99,SG
5.1,.436,2.9,.422,4.4,.800,4.1,4.8,1.3,0.2,2.3,190,88,PG
4.1,.732,5.4,.412,2.7,.673,6.0,7.6,1.8,0.8,2.5,198,86,PG
9.1,.469,4.4,.349,4.3,.734,5.5,1.3,0.9,0.4,1.9,203,97,PF
8.4,.546,3.6,.299,3.7,.733,6.5,2.9,1.5,0.6,2.3,198,79,SG
7.8,.489,4.8,.407,7.4,.839,2.7,4.0,1.0,0.1,3.0,190,90,SG
5.9,.547,0.0,0,3.2,.698,5.4,0.3,0.3,0.8,1.2,208,113,C
6.1,.486,2.1,.334,3.5,.581,4.6,2.7,1.8,0.5,2.3,196,88,SG
5.6,.541,5.0,.339,4.7,.769,6.7,2.2,1.4,0.8,2.1,190,93,SG
7.4,.518,4.2,.387,3.8,.813,5.3,1.5,0.9,0.2,1.7,196,86,SG
14.6,.562,2.9,.379,8.5,.774,12.4,1.2,1.3,1.6,2.9,206,106,PF
5.2,.622,0.2,0,1.8,.630,6.8,1.5,1.1,2.2,1.5,201,86,C
8.8,.520,3.8,.312,4.9,.628,6.7,3.6,1.4,0.8,2.5,198,95,SF
4.6,.463,5.2,.382,3.9,.730,5.5,2.8,1.5,0.4,2.0,185,81,SG
5.7,.531,0.0,0,4.2,.668,7.8,0.8,0.6,3.1,1.2,206,99,C
4.5,.512,4.4,.371,1.6,.753,3.3,1.2,0.5,0.3,1.2,198,89,SG
5.3,.614,0.0,0,3.3,.555,4.7,0.3,0.6,1.1,1.2,206,117,C
6.9,.510,4.7,.347,3.8,.736,4.1,1.3,0.7,0.1,1.4,193,84,SG
5.0,.516,3.5,.383,3.3,.667,3.1,2.9,1.4,0.3,3.0,185,86,PG
6.0,.475,1.8,.277,3.0,.704,3.5,2.0,1.0,0.1,2.0,193,90,SG
6.4,.547,0.7,0,5.0,.713,10.1,0.7,0.6,1.4,2.0,206,104,PF
6.4,.518,0.6,.275,2.9,.658,5.7,0.8,0.6,0.6,1.6,203,113,SG
8.6,.574,0.5,0,3.9,.624,7.9,1.7,1.1,1.9,1.9,201,108,PF
5.0,.650,3.2,.344,3.4,.641,6.8,0.4,0.6,2.7,1.1,208,90,PF
7.5,.457,3.3,.375,1.9,.545,2.9,2.1,1.3,0.5,1.5,188,81,SG
4.7,.573,0.0,0,2.8,.619,5.1,0.6,0.3,0.6,0.7,208,108,C
5.7,.536,2.6,.356,3.6,.708,4.3,2.8,1.6,0.4,2.3,206,83,SF
6.6,.466,3.7,.365,3.5,.876,4.1,2.5,0.9,0.2,1.5,196,98,PG
5.4,.479,4.8,.374,3.2,.834,3.5,4.1,1.1,0.1,2.6,183,73,PG
8.0,.518,3.4,.362,3.5,.794,4.5,2.6,0.9,0.5,2.1,196,92,SF
7.0,.543,4.2,.333,3.6,.739,4.3,1.5,1.1,0.7,1.8,196,90,SG
2.2,.505,0.1,0,1.2,.569,2.3,0.3,0.3,0.4,0.4,198,102,SF
6.9,.480,7.0,.377,2.9,.789,2.5,4.4,1.3,0.1,3.1,188,79,PG
8.1,.482,3.0,.294,6.4,.654,5.4,2.0,0.8,0.6,3.1,201,102,SG
7.4,.464,2.1,.305,3.8,.741,4.2,5.8,1.7,0.5,3.0,196,84,PG
6.2,.486,3.1,.347,4.1,.733,4.3,2.3,1.0,0.8,1.8,190,86,SG
0.9,.483,0.5,.353,0.5,.533,0.8,0.4,0.1,0.0,0.3,193,86,SG
6.4,.630,1.1,.373,4.1,.718,6.2,1.2,0.6,1.2,2.0,208,111,C
2.4,.455,0.2,.100,1.0,.522,2.0,0.4,0.6,0.1,0,201,SF
8.3,.499,5.0,.367,4.0,.777,3.3,5.7,1.3,0.5,2.5,183,86,PG
10.4,.533,2.2,.313,7.3,.804,5.8,2.4,1.1,0.4,2.3,198,88,SG
6.4,.525,0.9,.383,5.6,.773,5.5,1.7,1.1,0.5,1.0,201,99,SG
4.2,.486,2.2,.360,1.7,.687,3.0,2.8,1.1,0.0,2.0,190,86,PG
5.9,.504,6.9,.339,3.9,.752,6.1,1.5,1.9,0.4,1.6,196,92,SG
5.2,.483,5.5,.419,4.5,.803,2.8,2.9,1.2,0.1,2.4,185,88,PG
7.6,.559,0.7,.281,3.5,.603,6.0,1.6,1.1,0.4,1.3,203,102,PF
4.8,.438,2.1,.307,3.2,.679,3.6,5.2,2.0,0.4,2.3,198,83,PG
4.2,.509,2.0,.340,2.5,.685,3.7,4.7,2.0,0.4,2.5,196,83,PG
5.6,.593,0.0,0,2.8,.508,6.2,0.9,1.1,2.2,1.2,213,108,C
5.9,.485,3.0,.372,4.3,.820,5.7,1.1,0.4,0.3,1.9,206,106,PF
4.4,.545,3.9,.419,3.2,.767,2.8,3.8,2.6,0.4,2.4,185,86,PG
8.8,.487,2.6,.303,3.0,.659,7.1,1.2,0.7,1.5,1.8,203,99,SF
8.2,.568,1.8,.350,3.8,.682,5.4,0.8,0.9,1.6,2.0,206,102,PF
4.6,.563,6.0,.425,2.0,.810,2.9,2.2,1.2,0.2,2.1,190,79,SG
8.4,.485,3.2,.322,5.2,.805,3.3,2.7,0.9,0.3,2.7,196,87,SG
6.0,.473,5.9,.362,4.4,.698,5.2,1.7,1.3,0.6,1.6,193,83,SG
8.0,.540,1.8,.288,4.4,.612,4.7,2.0,1.3,0.6,1.9,198,79,SG
8.2,.602,0.0,0,4.9,.729,7.0,0.4,0.5,1.2,1.4,208,98,PF
4.8,.672,0.5,.476,3.8,.743,5.9,0.4,0.5,1.8,1.5,213,104,C
8.5,.495,0.8,.280,4.9,.642,7.5,5.0,1.6,0.4,2.6,198,95,SF
5.7,.494,2.7,.435,2.9,.851,2.3,4.1,1.6,0.1,2.4,185,72,PG
6.2,.579,1.8,.304,3.7,.694,3.4,6.1,2.2,0.3,2.2,185,81,PG
3.2,.549,5.0,.386,1.5,.777,5.9,1.8,0.7,0.5,1.0,196,98,SG
4.2,.492,4.4,.375,2.2,.853,2.7,3.6,1.1,0.1,1.4,188,83,PG
5.9,.475,3.5,.365,4.6,.702,4.7,1.8,1.1,0.8,1.7,196,87,SG
5.3,.601,0.0,0,2.8,.663,6.4,0.5,0.4,0.9,0.9,206,111,PF
4.1,.576,0.1,0,1.8,.713,4.7,0.8,0.4,1.1,0.7,206,111,C
9.6,.565,0.2,.167,7.1,.604,9.8,1.0,1.0,1.8,2.1,211,122,C
7.4,.502,3.7,.422,3.4,.802,7.4,1.2,1.5,1.3,2.3,206,97,SF
6.6,.500,5.6,.382,3.3,.819,5.7,2.2,0.9,0.6,1.9,198,95,SG
6.9,.495,6.9,.330,3.8,.671,7.2,1.8,1.1,0.8,2.6,198,97,SF
9.1,.468,5.9,.327,3.0,.784,2.8,4.5,1.1,0.9,3.1,198,83,SG
8.0,.494,4.4,.384,3.3,.765,4.1,2.6,1.2,0.2,2.2,193,88,SG
6.5,.581,4.1,.350,4.0,.683,7.6,1.8,1.9,0.9,1.0,198,106,SF
7.0,.525,0.0,0,3.2,.693,5.9,1.0,1.2,0.8,1.8,206,104,SF
8.3,.530,9.7,.412,5.3,.876,4.5,3.7,2.1,0.3,3.0,190,83,PG
0.9,.404,5.2,.386,0.7,.782,2.1,0.4,0.6,0.1,0.6,193,90,SG
8.0,.470,3.6,.311,3.3,.728,4.4,2.3,1.6,0.3,2.0,188,92,PF
5.7,.598,0.0,0,1.1,.605,5.5,0.7,0.3,1.8,0.9,208,111,C
6.3,.548,0.0,0,3.7,.623,7.7,0.7,0.4,2.1,1.4,208,102,C
5.7,.528,0.1,.000,1.7,.614,6.4,0.5,0.9,1.7,1.5,213,115,C
5.3,.591,3.6,.348,2.8,.695,5.0,1.3,0.6,0.5,1.0,206,104,PF
6.3,.432,5.3,.363,6.3,.845,3.5,4.0,1.3,0.2,2.8,190,86,PG
4.9,.456,5.6,.378,4.0,.860,3.4,5.6,1.1,0.1,2.5,193,86,PG
8.9,.515,3.0,.360,3.7,.710,6.9,1.8,1.3,1.1,2.2,203,99,SF
9.5,.562,1.0,.167,4.2,.646,5.7,1.5,0.9,0.4,2.1,201,99,SG
2.1,.569,0.0,0,1.0,.556,2.5,0.0,0.3,0.9,0.6,206,98,PF
6.0,.546,0.0,0,2.7,.640,7.9,1.2,1.0,2.6,1.6,211,111,C
4.6,.446,3.5,.386,5.9,.830,3.3,2.6,1.1,0.3,1.8,198,90,PG
5.1,.493,5.0,.416,3.9,.732,3.9,1.8,0.8,0.1,1.7,193,81,SG
5.6,.535,4.8,.380,1.9,.796,5.0,1.1,0.8,0.2,1.1,196,94,SG
6.8,.484,3.4,.344,4.5,.718,4.1,3.8,1.2,0.6,3.1,193,83,SG
7.4,.442,2.7,.277,2.8,.579,3.9,2.4,1.3,0.3,2.4,201,83,PG
8.5,.541,0.1,.000,2.6,.295,7.6,0.4,0.8,2.7,1.5,208,122,C
8.0,.548,2.5,.365,6.0,.731,7.2,3.0,1.4,0.3,2.1,201,102,PF
7.8,.476,2.2,.354,4.5,.693,5.1,5.8,2.2,0.4,3.3,190,92,PG
12.7,.505,5.8,.404,7.3,.816,11.1,1.3,1.9,1.9,2.8,206,97,SF
3.8,.407,4.3,.365,2.2,.812,4.6,1.1,0.3,0.5,1.5,201,99,SF
10.0,.495,3.2,.288,5.8,.749,9.7,1.8,0.8,1.5,2.4,208,111,PF
6.6,.513,5.0,.397,2.5,.809,4.1,2.2,0.9,0.1,1.5,193,90,SG
5.9,.639,0.2,.200,5.1,.685,8.1,1.4,0.9,2.6,2.4,213,113,C
4.9,.611,4.1,.354,3.6,.788,5.4,2.4,1.7,1.0,2.5,201,95,SF
8.1,.429,2.5,.353,4.4,.765,3.4,5.5,2.1,0.2,1.7,188,81,PG
10.2,.458,2.5,.407,5.1,.818,3.8,5.8,1.5,0.1,2.7,183,79,PG
4.7,.654,0.2,.364,2.2,.684,5.9,0.5,0.6,1.7,1.0,206,88,SF
10.3,.514,3.4,.274,5.2,.711,5.4,3.9,2.1,0.8,3.6,198,99,PG
10.0,.572,0.1,0,5.6,.583,12.3,0.9,1.7,1.8,2.2,203,103,PF
8.1,.613,0.0,.000,4.0,.629,8.4,1.0,0.9,2.1,2.5,208,111,C
5.1,.467,4.6,.375,3.5,.731,4.1,6.9,1.9,0.3,3.6,185,89,PG
4.9,.449,3.8,.362,3.2,.657,7.1,1.9,0.8,0.7,1.8,203,98,PF
3.7,.470,5.4,.435,2.5,.821,2.5,1.3,0.6,0.1,1.2,190,79,SG
10.5,.521,1.9,.246,5.9,.736,4.0,4.6,1.5,0.2,2.4,190,84,PG
7.2,.445,1.8,.310,4.3,.774,3.9,4.7,1.5,0.1,2.6,185,77,PG
9.3,.568,0.2,0,3.7,.759,7.3,1.3,0.6,1.9,1.4,211,112,C
12.5,.502,5.0,.413,6.7,.649,5.7,5.9,1.6,1.2,3.2,193,88,SG
5.2,.452,6.1,.426,3.1,.821,4.5,2.2,1.3,0.5,1.2,188,91,SG
8.5,.483,2.3,.378,3.8,.721,5.9,1.8,1.3,1.7,2.2,206,99,PF
6.5,.485,4.9,.396,4.2,.803,6.7,2.4,2.0,0.9,2.7,201,95,SF
7.3,.474,2.9,.329,4.8,.749,4.5,2.2,0.9,0.2,1.7,196,97,SG
4.3,.480,5.0,.398,2.2,.758,1.9,1.8,1.0,0.0,1.6,188,81,PG
8.2,.580,0.0,0,4.6,.629,8.5,1.4,0.7,2.4,2.5,206,102,PF
8.9,.513,1.2,.356,4.7,.422,8.0,2.0,0.9,1.0,1.4,206,102,PF
6.8,.525,6.5,.337,8.7,.834,3.3,2.4,1.3,0.6,3.6,190,100,SG
6.2,.483,4.0,.354,4.6,.691,5.8,1.4,0.8,0.2,1.4,198,99,SG
5.1,.496,0.3,.300,3.5,.641,4.7,0.9,0.6,0.5,0.9,203,95,PF
6.4,.498,4.4,.345,4.8,.790,2.9,5.8,1.5,0.3,2.2,196,92,PG
5.3,.453,1.8,.216,2.0,.651,2.2,2.9,1.3,0.0,2.4,185,82,PG
4.1,.522,3.4,.375,1.6,.845,4.1,1.8,1.1,1.1,1.4,196,95,SG
6.3,.496,1.7,.361,3.4,.687,7.6,2.9,1.2,0.8,1.9,201,104,PF
9.5,.524,0.1,.176,4.9,.711,7.4,1.2,1.0,1.7,2.5,203,108,PF
7.3,.531,2.4,.359,3.9,.700,6.5,3.1,0.9,1.2,2.5,206,106,PF
11.4,.622,0.1,.300,7.7,.589,11.8,2.1,1.1,1.0,2.8,208,113,PF
7.1,.409,3.9,.337,2.6,.772,8.3,4.2,1.0,0.4,2.3,201,86,SG
8.0,.570,3.9,.376,7.2,.755,5.4,3.7,1.9,0.4,3.0,196,98,SG
10.9,.506,2.5,.215,4.3,.676,8.6,1.5,1.6,1.4,2.5,203,94,SF
7.8,.600,0.4,0,3.6,.533,6.9,0.9,0.8,1.1,1.3,203,106,C
5.0,.522,5.2,.375,4.8,.778,4.1,3.1,1.7,0.4,1.8,190,83,PG
5.7,.503,5.6,.376,3.5,.788,3.3,2.0,1.6,0.3,1.6,193,95,SG
1.2,.556,1.6,.375,0.3,.000,1.6,0.3,0.2,0.0,0.4,198,89,SG
9.6,.497,2.2,.303,5.0,.753,7.3,1.3,0.7,0.9,1.8,203,102,PF
5.3,.474,4.6,.335,3.5,.787,2.8,1.6,1.1,0.2,1.3,198,96,SG
5.2,.374,2.4,.367,4.6,.777,2.7,3.8,0.8,0.2,2.2,198,95,PG
7.5,.479,1.2,.216,4.9,.645,4.5,3.5,1.8,0.4,2.3,193,82,PG
5.4,.592,3.6,.389,3.4,.720,5.6,1.8,1.1,0.3,1.3,196,92,SG
8.3,.586,0.0,0,5.9,.666,6.4,1.1,0.8,0.9,0,203,104,C
7.0,.478,2.0,0,5.5,.666,5.3,2.1,0.9,0.4,1.6,203,106,SF
4.6,.569,4.6,.369,4.9,.824,7.4,1.8,1.3,0.9,2.0,203,93,SF
2.8,.541,2.3,.353,2.1,0,2.8,1.0,0.6,0.2,1.2,193,95,SG
4.8,.531,1.9,.333,1.7,.703,3.9,0.6,0.7,0.3,1.5,198,103,SF
8.5,.505,0.2,0,3.2,.484,8.1,1.0,0.6,2.5,1.5,211,99,C
4.8,.575,0.0,0,2.5,.725,3.6,0.7,0.3,0.5,1.1,203,104,PF
6.5,.508,6.8,.390,3.4,.836,5.0,1.9,1.3,0.3,2.2,193,94,SG
8.3,.565,2.3,.404,6.1,.785,5.8,3.3,1.6,0.3,2.5,188,81,PG
5.1,.528,2.2,.375,3.3,.745,5.6,2.2,0.9,0.4,2.1,201,99,SF
4.2,.507,4.3,.367,3.2,.748,3.0,1.9,1.3,0.4,1.6,198,97,SG
4.6,.528,2.5,.307,1.8,.726,3.8,3.7,1.6,0.5,2.1,190,81,SG
3.3,.485,1.4,.343,1.0,.736,3.6,1.5,0.8,0.5,1.0,198,81,SG
7.4,.493,5.6,.355,4.9,.807,5.6,1.2,1.6,0.3,1.9,196,92,SF
6.4,.520,0.5,.205,4.7,.697,6.3,1.5,0.9,0.9,1.4,201,97,SF
6.8,.580,0.9,.353,3.8,.697,6.9,0.7,0.8,2.6,1.5,203,111,C
6.0,.499,4.4,.396,2.6,.773,4.3,2.1,0.6,0.3,1.3,203,97,SG
6.3,.502,4.1,.354,3.0,.671,3.1,1.3,0.8,0.2,2.1,201,90,SG
6.6,.589,0.0,0,4.1,.619,7.9,1.7,0.9,1.7,1.6,208,111,C
6.0,.481,5.0,.338,4.7,.699,4.7,2.0,0.7,0.4,1.9,201,88,SG
4.9,.492,1.5,.319,2.1,.610,6.2,0.8,0.5,1.4,0.9,201,104,PF
6.1,.505,7.2,.354,5.3,.853,4.8,2.4,1.9,0.9,1.7,198,86,SG
8.9,.544,0.2,.333,6.1,.604,7.9,1.5,1.0,0.9,2.4,203,92,PF
5.9,.473,1.9,.274,3.3,.738,6.6,3.4,1.5,0.5,2.1,198,93,SF
6.2,.401,5.8,.385,2.9,.787,4.5,1.7,1.0,0.1,1.8,190,86,SG
8.0,.464,5.4,.410,4.7,.682,6.8,2.0,1.1,1.4,2.0,206,86,SF
5.9,.569,3.5,.462,6.5,.901,3.4,4.3,1.5,0.5,2.5,188,81,PG
5.2,.593,2.8,.348,3.7,.780,7.8,1.2,1.2,1.5,1.5,208,95,PF
5.8,.488,1.1,.338,3.8,.688,4.7,2.8,0.9,0.4,2.1,201,92,SF
5.9,.530,2.6,.359,4.5,.796,4.5,5.4,1.8,0.1,3.3,190,91,PG
5.8,.599,2.5,.342,3.0,.772,4.5,4.2,1.4,0.1,2.3,193,83,PG
5.6,.447,4.8,.348,4.0,.837,2.8,3.3,1.1,0.1,3.4,178,77,PG
7.0,.518,0.0,0,2.3,.615,4.6,0.6,0.4,0.4,1.8,203,120,SF
0,0,0,0,0,0,0,0,0,0,0,180,78,SF
6.4,.527,3.5,.351,3.0,.753,4.4,3.5,0.8,0.5,2.1,190,94,PG
8.3,.479,2.5,.329,3.0,.726,3.0,3.1,1.8,0.1,0,188,85,PG
2.0,.491,0.8,.333,0.7,.771,2.6,0.6,0.5,0.0,0.6,198,103,PG
5.1,.426,3.7,.338,3.2,.668,4.0,5.0,1.6,0.1,3.3,175,87,C
8.4,.575,0.0,0,2.8,.708,7.0,0.9,0.8,1.1,1.3,206,103,PF
3.8,.537,0.0,0,2.9,.559,4.3,0.5,0.3,0.8,0.9,213,115,C
7.3,.394,4.6,.370,3.5,.792,3.5,3.8,1.5,0.1,2.2,183,88,PF
9.3,.485,2.9,.406,3.2,.753,6.1,2.4,1.7,0.5,2.5,203,102,SF
3.3,.508,2.4,.293,1.5,.600,4.0,0.7,0.6,0.3,1.3,206,97,PF
7.2,.478,3.1,.371,4.7,.742,6.5,1.7,1.5,0.4,2.2,198,102,SF
1.0,.529,0.0,0,1.2,.508,1.5,0.1,0.2,0.3,0.3,203,95,SF
9.0,.570,0.1,0,5.3,.565,6.4,0.7,0.4,1.7,2.0,208,112,C
2.2,.480,4.4,.369,2.0,.647,3.0,1.5,0.5,0.3,0,196,86,SF
8.1,.484,1.6,.313,4.9,.692,6.2,0.8,0.9,0.5,1.7,203,89,SF
5.1,.440,3.2,.379,4.2,.889,3.5,5.6,1.5,0.1,1.9,185,86,PG
5.2,.617,0.0,0,3.4,.437,6.0,0.4,0.2,1.3,1.6,211,113,C
5.4,.429,3.5,.413,2.0,.699,3.6,3.0,1.0,0.3,1.5,190,83,PG
5.1,.580,1.9,.369,2.7,.763,4.6,1.3,0.5,1.1,0.8,213,109,PF
6.1,.526,5.1,.383,3.9,.867,4.3,2.0,0.9,0.3,1.2,196,81,SG
6.9,.535,1.3,.255,4.8,.745,7.4,1.9,1.0,0.9,2.2,201,105,SF
5.6,.501,6.4,.347,3.8,.780,4.3,2.0,1.2,0.2,1.7,193,95,SG
3.5,.519,3.7,.320,2.2,.779,4.8,1.1,0.4,1.6,1.1,213,106,PF
2.9,.515,6.4,.453,2.7,.891,5.2,2.3,1.3,0.5,1.8,201,95,SG
10.1,.535,1.7,.349,2.7,.680,6.7,0.5,0.4,1.8,1.5,213,120,C
5.9,.567,1.8,.302,2.8,.633,5.5,1.5,0.3,0.4,1.6,206,86,PF
6.6,.573,4.5,.348,2.4,.806,4.7,1.7,1.0,0.6,1.6,196,81,SG
4.6,.491,4.0,.375,2.7,.808,3.2,3.6,1.8,0.1,2.1,180,79,PG
4.3,.494,3.5,.375,1.8,.691,2.5,1.8,0.9,0.2,1.1,196,81,SG
3.8,.530,3.9,.362,2.6,.759,4.8,1.1,0.9,0.8,1.4,206,92,SF
9.2,.644,1.7,.466,3.0,.679,8.2,2.4,0.6,1.1,1.5,208,102,PF
8.8,.498,4.8,.401,3.7,.817,5.2,2.2,1.9,0.6,2.5,196,90,SG
6.1,.500,5.7,.362,4.6,.843,4.8,2.0,1.1,0.2,1.7,198,90,SG
6.8,.548,0.2,.111,3.3,.663,7.0,0.8,0.2,2.1,1.6,216,102,C
9.7,.497,2.3,.250,3.7,.744,10.2,2.2,1.4,0.6,2.2,201,102,SF
5.2,.585,0.2,.083,2.2,.729,4.7,0.7,0.3,1.1,1.4,216,111,C
6.5,.521,2.2,.368,2.7,.723,4.5,1.1,0.4,0.7,1.2,208,103,PF
4.9,.456,3.2,.401,2.6,.770,3.5,2.7,0.9,0.2,1.3,201,90,SF
2.9,.455,1.9,.332,2.0,.643,3.0,2.1,0.9,0.5,1.5,198,95,SG
6.5,.497,6.1,.390,5.8,.867,4.3,3.5,1.2,0.2,2.4,188,83,PG
6.3,.547,2.8,.333,4.3,.733,4.3,3.5,2.0,0.6,2.9,188,90,PG
7.4,.481,1.5,.415,4.1,.626,9.2,1.4,1.3,0.9,1.3,206,99,C
12.3,.491,0.4,.143,4.9,.764,7.1,1.1,0.5,1.9,2.1,213,117,C
6.9,.511,0.0,.500,3.1,.612,5.6,0.8,0.3,2.3,1.6,213,115,C
8.3,.611,2.1,.354,6.6,.767,10.6,1.9,0.7,1.4,2.0,208,117,C
6.4,.463,0.7,.325,4.0,.737,3.8,3.0,1.9,0.2,1.9,183,79,PG
4.8,.531,3.5,.400,2.9,.809,7.4,1.6,1.1,1.6,1.5,203,92,PF
5.9,.536,0.8,.138,2.8,.735,5.2,1.1,0.5,0.4,1.1,208,106,PF
5.8,.480,5.6,.357,3.4,.755,4.2,3.3,1.1,0.1,2.2,190,97,PG
5.8,.545,4.4,.423,4.4,.835,7.2,0.9,0.4,0.5,1.1,213,104,PF
8.0,.541,2.0,.308,4.5,.689,6.9,1.4,1.0,0.7,2.2,208,107,PF
6.2,.471,3.0,.420,4.4,.761,3.4,4.0,1.1,0.1,1.9,180,83,PG
3.6,.506,0.0,0,1.9,.599,4.8,0.5,0.5,1.3,0.9,208,99,C
6.8,.480,2.3,.341,5.4,.799,4.9,2.1,1.2,0.3,2.2,196,99,SF
9.6,.451,0.1,0,4.9,.569,5.9,1.0,1.2,0.5,1.6,206,104,PF
4.3,.527,5.2,.367,2.5,.753,4.2,3.3,2.0,0.4,1.9,198,81,SG
10.5,.470,5.2,.377,6.7,.825,6.3,2.7,2.1,0.5,2.4,190,81,SG
5.5,.542,2.6,.380,1.7,.749,3.9,5.4,2.3,0.2,2.0,185,88,PG
6.1,.523,3.3,.342,3.5,.738,6.2,0.9,0.5,0.4,1.9,203,99,SF
7.0,.473,0.1,1.000,4.4,.563,6.9,1.1,1.7,2.1,2.2,208,99,PF
10.2,.587,4.1,.458,4.9,.831,7.5,1.3,0.2,0.1,2.2,203,102,SF
5.9,.563,0.7,.356,2.7,.514,4.8,0.3,0.5,1.8,1.6,213,107,C
5.7,.498,3.7,.381,2.5,.759,4.8,1.4,0.9,0.3,1.3,193,92,SG
3.3,.509,2.6,.363,2.0,.740,3.4,1.6,0.6,0.1,1.3,196,99,SG
4.8,.532,0.8,0,2.0,.622,5.2,0.2,0.5,0.5,1.3,203,97,SF
6.1,.553,4.7,.420,3.7,.870,5.2,2.0,1.0,0.7,2.1,196,88,SG
7.0,.559,0.5,.278,3.8,.664,6.5,2.4,1.2,1.9,1.9,208,108,PF
5.2,.491,5.7,.386,4.1,.890,3.0,1.6,1.1,0.1,1.8,196,94,SG
10.6,.527,0.2,.071,4.3,.669,8.8,1.2,0.8,3.4,2.8,203,106,PF
5.8,.494,3.3,.321,3.1,.768,4.6,2.0,1.0,0.2,2.0,201,98,SF
3.5,.509,3.0,.379,1.5,.815,3.2,1.8,0.8,0.7,1.4,203,102,SF
4.1,.491,2.5,.370,2.8,.765,4.8,1.5,0.8,1.3,1.6,201,95,SF
12.2,.580,0.2,.375,6.8,.620,12.7,0.9,1.3,2.0,2.4,203,111,PF
5.2,.497,4.6,.329,2.5,.788,4.1,2.2,1.5,0.3,1.3,190,95,SG
7.8,.497,6.9,.397,4.7,.822,2.5,2.3,0.9,0.5,2.0,190,90,SG
9.3,.558,0.5,.273,5.5,.677,8.2,3.2,1.5,1.5,2.9,211,112,C
6.3,.541,0.0,0,3.3,.663,5.8,1.8,0.8,0.9,1.4,203,92,PF
8.1,.473,4.6,.380,3.3,.729,4.4,2.9,1.2,0.4,2.1,193,86,SG
4.7,.546,0.3,0,3.3,.531,8.6,1.3,0.8,2.1,1.8,208,98,PF
7.3,.585,1.1,.358,4.3,.660,6.2,1.3,0.9,0.4,1.6,206,106,PF
4.8,.579,0.9,.404,2.9,.653,6.1,1.2,0.6,0.9,1.6,208,111,PF
6.7,.517,2.9,.381,2.6,.780,3.7,5.5,1.6,0.3,1.2,188,77,PG
8.6,.535,0.5,.240,3.9,.654,6.4,1.3,0.4,1.2,2.0,206,104,PF
10.9,.463,3.3,.377,5.6,.711,5.2,0.8,0.7,0.1,1.6,198,102,SF
8.1,.448,6.4,.335,4.9,.710,3.4,2.2,1.1,0.4,2.7,188,81,SG
10.8,.457,3.5,.288,4.9,.663,6.0,4.4,1.8,0.3,3.2,196,77,PG
7.3,.502,7.7,.408,4.2,.783,5.2,2.2,1.0,0.3,2.3,196,93,PG
10.3,.510,0.5,.313,5.2,.819,8.2,1.6,0.4,2.0,1.6,211,106,C
5.9,.443,3.6,.305,2.5,.731,4.3,1.1,0.8,0.6,2.3,198,104,SF
0,0,0,0,3.2,.628,6.7,1.5,0.9,0.9,1.9,208,92,C
5.3,.444,4.8,.375,4.4,.813,4.0,4.5,1.8,0.2,2.4,185,81,PG
8.7,.553,3.6,.375,3.2,.763,5.2,3.1,0.7,0.5,2.3,203,104,PF
6.2,.617,0.0,0,4.2,.684,6.4,1.7,0.9,1.7,1.8,211,105,C
6.9,.590,0.0,0,4.3,.529,9.5,1.6,2.1,4.4,1.9,208,103,C
8.7,.483,0.3,0,5.2,.650,5.3,2.0,1.1,0.6,1.6,193,90,SG
10.2,.474,0.3,.222,4.6,.619,7.7,1.3,0.5,0.8,2.9,206,116,PF
3.7,.533,2.7,.399,3.0,.751,5.6,3.0,1.2,0.3,1.9,198,97,SF
7.0,.620,1.6,.261,3.8,.685,8.5,0.9,0.5,2.2,2.0,208,108,C
4.6,.526,3.4,.415,4.1,.785,4.6,1.0,0.4,0.3,0.9,203,104,PF
11.1,.664,0.0,0,5.1,.510,8.5,1.3,0.8,1.4,2.5,211,122,C
5.9,.585,1.4,.338,3.5,.716,5.2,1.7,1.5,0.5,2.0,196,97,SG
4.9,.634,0.7,.333,2.8,.709,4.6,1.1,0.5,0.5,1.4,213,107,PF
4.4,.621,0.0,0,1.3,.547,6.4,1.1,0.8,1.6,1.7,208,104,C
4.3,.497,2.6,.358,3.1,.718,5.0,0.8,1.1,0.4,1.2,201,90,SF
4.8,.446,5.7,.375,2.9,.844,2.8,4.3,1.4,0.2,1.9,185,79,PG
11.2,.504,3.0,.358,6.1,.748,8.7,1.2,1.1,1.2,2.3,203,106,PF
6.0,.555,0.0,0,3.1,.516,5.1,0.3,0.4,0.7,1.2,206,117,PG
4.6,.575,3.2,.337,2.8,.611,6.0,2.4,0.9,0.3,1.6,206,97,SF
10.1,.604,0.8,.329,4.3,.734,8.2,1.5,0.7,1.6,1.6,206,106,PF
8.0,.683,0.4,.533,2.5,.517,6.2,1.2,0.9,1.4,1.7,211,97,C
5.1,.439,4.7,.325,4.0,.724,3.8,2.2,1.1,0.5,2.3,193,90,SG
5.1,.551,1.1,.409,2.7,.755,5.3,0.6,0.6,1.0,1.4,208,111,PF
8.3,.487,6.3,.359,4.7,.781,3.7,5.7,1.8,0.5,2.9,188,81,PG
9.2,.512,1.1,.268,6.5,.611,5.1,4.9,2.0,0.5,3.4,190,81,PG
3.4,.400,3.7,.409,2.0,.812,2.7,4.1,0.9,0.1,1.5,188,85,PG
6.9,.539,5.2,.416,4.2,.846,7.4,1.5,0.8,0.3,1.9,206,102,PF
1.9,.664,0.0,0,1.7,.555,3.8,0.5,0.4,0.8,0.5,213,115,C
6.4,.578,0.1,0,4.0,.583,7.7,1.5,0.8,1.4,2.0,208,106,C
3.5,.557,0.0,0,1.5,.625,4.8,0.3,0.5,0.6,1.0,208,111,C
7.7,.659,0.0,0,5.2,.605,8.0,1.3,0.5,1.7,1.8,213,104,C
8.3,.528,1.2,.327,4.1,.768,5.6,1.7,0.8,0.3,1.9,201,97,SF
6.8,.550,2.4,.355,3.8,.751,7.1,2.1,1.5,0.9,1.3,203,92,SF
10.3,.540,0.9,.365,3.9,.737,7.9,1.3,1.1,1.5,1.4,211,109,PF
7.3,.484,0.8,.289,4.1,.722,6.3,1.8,0.9,0.9,2.1,208,108,C
5.2,.533,2.5,.314,2.5,.746,3.0,1.5,1.1,0.4,1.3,193,97,SG
4.9,.595,0.9,.302,2.9,.686,5.3,0.5,0.4,0.7,1.3,203,107,PF
5.7,.459,6.1,.361,5.1,.770,2.4,3.4,1.6,0.1,2.6,183,90,PG
5.3,.461,4.6,.363,2.6,.638,3.0,1.8,0.8,0.1,1.7,193,92,SG
3.7,.471,3.2,.310,2.9,.660,3.9,3.1,1.0,0.4,1.7,198,84,SG
8.5,.549,0.3,.409,5.2,.666,9.4,1.2,0.6,1.1,1.8,211,99,PF
9.3,.517,0.5,.167,7.2,.706,10.4,1.4,0.5,0.8,2.5,206,113,C
7.1,.590,0.0,.000,3.8,.635,6.7,1.0,0.7,0.7,1.6,206,114,PF
5.8,.521,4.3,.294,3.7,.666,3.2,4.5,1.0,0.0,2.6,193,86,SG
3.9,.466,3.9,.395,2.6,.779,3.6,1.6,0.9,0.4,1.4,198,94,SG
7.1,.574,0.0,0,4.1,.500,6.3,0.5,0.5,1.7,1.4,206,99,C
5.1,.388,6.1,.353,4.2,.720,4.3,2.1,1.1,0.3,2.1,198,88,SG
7.1,.477,4.7,.365,5.4,.658,3.4,2.1,1.0,0.0,2.3,193,90,SG
5.7,.555,1.4,.350,3.2,.582,10.0,1.1,1.6,1.4,1.7,201,95,SG
4.2,.527,2.8,.336,2.2,.714,4.9,0.6,0.6,0.6,0.9,203,80,SF
6.0,.544,1.5,.283,3.3,.577,4.5,4.2,2.3,0.2,2.2,185,77,PG
8.3,.521,2.6,.337,5.1,.712,4.5,4.7,1.2,0.4,2.7,190,86,PG
5.5,.528,4.6,.364,1.8,.764,4.7,1.2,0.9,0.7,1.4,198,88,SG
6.8,.447,3.5,.331,3.1,.772,4.3,2.4,1.5,0.1,1.4,185,86,PG
8.1,.479,6.6,.411,4.5,.756,5.7,5.0,1.6,0.3,2.9,196,81,PG
8.0,.638,0.2,0,4.2,.729,9.4,1.3,0.5,0.6,2.0,208,104,C
12.2,.476,0.2,.077,3.7,.607,6.4,1.1,0.9,1.0,1.8,206,97,SF
3.6,.429,1.4,.286,2.8,.677,3.5,2.0,1.3,0.1,1.6,185,77,PF
4.8,.494,4.1,.366,2.8,.632,3.0,2.6,0.7,0.4,1.9,196,104,SG
6.7,.430,0.8,.313,3.0,.740,4.2,4.9,1.2,0.1,2.6,190,86,PG
6.7,.450,4.0,.305,4.1,.738,4.5,4.2,2.3,0.2,3.0,196,96,SG
11.5,.559,0.3,.176,5.0,.711,9.7,1.5,0.9,2.0,1.9,206,104,PF
7.3,.445,4.7,.361,5.7,.787,4.2,1.7,0.9,0.3,2.8,196,89,SG
11.6,.561,0.1,.333,9.0,.670,11.8,4.8,2.0,0.8,3.4,208,102,PG
7.3,.560,2.8,.386,4.7,.716,5.0,2.2,0.7,0.4,3.3,198,88,SG
4.9,.432,2.6,.327,2.4,.775,1.6,2.0,0.6,0.1,1.2,196,79,PG
7.7,.479,5.0,.363,4.3,.773,6.9,2.0,1.1,0.7,2.1,203,104,SF
7.3,.488,4.6,.295,7.3,.751,5.9,4.5,2.9,0.6,3.0,193,99,SG
2.0,.667,0.0,0,0.7,1.000,1.3,0.0,0.0,0.0,0,190,PG
9.3,.556,0.3,.308,5.5,.751,7.9,2.0,0.5,1.7,3.1,213,108,C
0.8,.333,0.0,0,0.5,.500,1.8,1.0,0.8,0.3,1.3,196,88,PF
2.9,.480,4.2,.380,1.9,.821,2.4,2.0,0.5,0.3,1.5,201,90,SG
6.2,.633,0.0,0,2.3,.688,5.4,0.5,0.3,0.9,1.1,208,111,C
4.0,.500,5.2,.441,3.9,.832,2.9,2.3,0.6,0.3,1.5,198,92,SG
8.7,.495,2.1,.219,3.5,.664,5.4,2.5,0.9,0.2,2.4,196,95,SG
2.2,.515,1.7,.306,1.5,.700,1.6,3.1,1.2,0.1,1.5,180,74,PG
2.9,.504,1.4,.265,2.9,.617,5.5,5.2,1.5,0.4,1.9,201,90,SG
6.0,.483,2.2,.285,5.1,.730,3.5,3.8,1.2,0.4,2.2,196,77,PG
7.9,.537,2.3,.376,4.4,.760,10.4,2.4,0.4,0.5,3.0,206,117,PF
8.6,.504,4.0,.342,4.8,.849,7.3,2.1,1.3,1.1,2.6,203,92,SF
9.8,.419,1.3,.294,5.4,.792,3.1,4.5,1.0,0.1,2.3,185,77,PG
8.2,.477,3.0,.421,5.9,.812,3.0,3.0,1.9,0.6,3.0,188,81,PG
6.8,.438,2.0,.325,3.0,.714,2.5,4.8,0.9,0.3,2.7,188,85,PG
2.9,.470,3.0,.278,1.9,.783,3.7,3.6,1.4,0.8,2.2,198,86,SG
7.6,.490,4.8,.325,6.0,.713,3.5,4.0,1.2,0.1,2.7,173,83,PG
3.2,.525,0.0,0,2.1,.600,3.6,0.5,0.6,0.2,1.2,206,102,PF
8.1,.450,6.3,.390,3.9,.827,4.8,2.6,1.3,0.8,2.9,198,90,SG
4.6,.472,3.6,.396,5.0,.816,2.8,1.3,0.6,0.1,1.7,196,87,C
7.5,.420,4.0,.339,5.6,.771,5.2,3.0,1.5,0.6,2.5,196,97,SG
5.3,.506,0.5,.333,3.3,.671,4.9,1.1,0.6,1.1,1.4,203,108,PF
6.4,.577,0.2,.250,3.4,.813,6.7,1.1,0.5,2.3,1.4,211,113,C
9.5,.527,0.0,0,4.7,.711,8.2,2.0,1.3,0.3,2.2,196,102,PF
9.1,.525,1.5,.362,5.0,.758,6.8,4.1,1.6,0.7,3.5,201,95,SF
5.7,.513,1.8,.274,3.3,.839,6.5,0.6,0.3,2.6,1.4,211,108,C
6.6,.485,0.4,.289,2.5,.649,6.3,1.5,0.8,2.8,1.5,208,108,C
5.1,.462,3.3,.371,3.4,.846,2.4,5.3,1.2,0.1,1.5,175,70,PG
4.6,.476,4.5,.408,2.0,.779,5.9,4.4,0.9,0.3,2.2,196,99,SG
8.1,.481,6.1,.383,4.3,.694,4.8,1.6,0.8,0.3,2.2,198,95,SG
6.1,.530,1.1,.485,4.5,.716,9.0,0.6,0.9,1.4,2.1,208,108,PF
4.9,.513,2.8,.348,2.3,.753,1.9,2.0,1.5,0.2,1.1,193,97,SG
8.7,.469,3.5,.326,5.8,.783,4.4,4.1,1.7,0.3,2.3,185,78,PG
8.8,.509,3.1,.325,6.3,.754,4.3,6.5,1.8,0.5,4.0,193,88,PG
7.9,.464,3.1,.292,4.2,.613,5.2,3.4,1.1,0.4,2.2,196,90,PG
3.8,.409,4.6,.401,3.5,.837,4.4,3.9,1.1,0.0,1.8,183,83,PG
11.0,.596,0.0,0,4.6,.592,9.4,1.6,0.8,2.0,1.4,203,115,PF
11.5,.598,2.0,.315,4.3,.654,5.7,1.0,1.5,0.5,1.7,203,105,SF
6.2,.511,0.4,.400,1.8,.798,4.1,0.7,0.6,0.7,0.9,208,104,SF
6.1,.628,3.6,.330,3.4,.676,8.6,0.8,1.3,0.6,1.3,206,91,SF
4.3,.466,1.1,.274,2.4,.769,3.3,3.0,2.9,0.2,1.5,188,74,PG
5.3,.491,1.3,.354,2.4,.685,2.4,2.5,1.0,0.1,1.6,190,84,PG
7.6,.569,4.2,.396,5.4,.813,4.1,4.4,1.2,1.4,2.4,196,87,PG
5.3,.542,1.5,.327,3.6,.799,5.1,0.7,0.7,0.8,1.6,203,92,PF
7.8,.387,5.8,.359,4.6,.757,3.7,4.5,1.3,1.1,3.4,193,95,PG
9.2,.522,0.1,.600,5.5,.588,8.9,0.3,0.6,5.4,1.9,213,106,C
8.5,.493,3.6,.341,6.5,.775,5.9,1.5,1.2,1.0,2.3,203,90,SF
7.8,.638,0.1,.625,3.6,.827,5.9,1.5,0.5,1.8,2.5,201,99,PF
6.5,.445,2.3,.305,4.2,.725,5.0,2.6,1.2,0.5,0,198,102,SF
0.4,0,0.3,.333,0.3,.750,0.4,0.1,0.1,0.0,0.0,190,80,PF
2.5,.444,1.9,.312,2.0,.571,1.9,2.3,0.9,0.0,0,183,79,SG
3.1,.400,4.6,.431,3.4,.813,3.2,3.2,1.3,0.0,0,175,PF
2.6,.462,0.8,.000,2.8,.643,0.6,1.0,0.2,0.0,0,190,SG
5.6,.522,1.2,.432,4.5,.847,6.6,0.7,1.1,0.5,1.6,206,104,PF
5.5,.534,0.1,0,3.9,.710,4.4,1.3,0.5,0.5,1.9,198,96,SG
0.9,.618,0.0,0,0.4,.733,1.9,0.1,0.2,0.3,0,206,SF
3.3,.619,2.0,.363,1.0,0,3.3,0.8,0.4,1.0,0.8,206,99,PF
5.1,.478,2.0,.336,2.2,.708,4.6,1.6,0.6,0.8,1.4,201,104,SF
6.3,.516,2.8,.418,4.0,.641,6.5,2.1,1.3,0.9,1.8,198,102,PF
4.9,.567,0.0,0,3.3,.726,5.4,0.6,0.5,2.7,1.2,213,106,C
9.9,.490,3.6,.342,6.4,.803,4.7,5.3,1.5,0.2,2.2,193,87,PG
9.5,.646,0.0,0,4.2,.567,6.2,1.0,1.0,1.8,1.6,206,92,PF
7.5,.594,1.9,.299,5.5,.814,5.8,5.2,2.3,1.1,2.2,196,80,PG
5.4,.470,5.9,.349,4.4,.706,4.3,1.7,0.8,0.2,1.9,198,97,SG
2.0,.407,1.6,.340,0.7,.737,1.8,0.6,0.6,0.1,0.7,183,81,PG
9.2,.518,2.7,.368,3.9,.764,5.1,1.4,0.8,0.3,2.1,198,90,SG
8.9,.498,3.0,.419,2.3,.743,4.9,2.0,1.3,0.4,2.2,203,99,PF
9.3,.594,0.0,0,6.6,.756,7.3,1.3,1.2,1.2,2.0,213,108,C
8.6,.544,0.0,0,4.5,.775,6.7,0.6,0.7,1.1,1.4,213,113,C
5.1,.467,6.2,.394,6.3,.838,3.4,5.4,1.5,0.2,2.9,185,81,PG
5.7,.489,3.3,.348,2.9,.776,4.1,2.0,0.5,0.3,1.7,201,86,SF
8.0,.472,2.7,.301,4.7,.739,5.3,1.6,1.0,0.3,2.3,196,87,SG
5.5,.505,3.5,.365,3.3,.729,4.9,2.2,1.0,0.6,2.1,196,99,SG
4.5,.490,5.4,.380,4.2,.834,3.2,3.0,1.0,0.1,1.7,193,88,SG
3.0,.651,0.5,.133,2.2,.516,2.9,0.4,0.2,1.1,1.3,208,86,PF
11.9,.635,1.0,.343,5.5,.733,11.6,1.6,0.6,1.9,2.0,216,113,C
7.3,.603,1.7,.275,4.0,.681,10.5,0.5,0.8,3.7,1.5,211,102,C
5.9,.537,3.2,.352,2.5,.776,5.7,1.1,0.6,1.2,1.2,201,86,SF
7.7,.541,2.4,.316,4.1,.724,6.5,1.1,0.6,0.7,1.5,201,97,SF
2.8,.483,1.2,.250,1.5,.733,4.8,1.1,0.7,0.9,0.8,208,97,PF
3.8,.645,3.7,.400,2.3,.845,4.3,1.6,1.4,0.9,1.1,201,86,SF
7.8,.537,5.5,.375,3.2,.776,7.6,2.4,0.6,1.1,2.1,201,104,SF
7.9,.495,1.4,.229,3.9,.555,5.4,3.7,0.9,0.2,2.2,190,91,PG
3.6,.536,4.6,.408,2.9,.818,6.3,1.8,1.0,0.7,1.4,201,97,SG
6.2,.602,0.0,0,3.2,.470,5.0,0.4,0.2,1.2,1.8,211,127,SG
5.9,.587,3.9,.393,3.5,.820,2.5,3.7,0.8,0.0,1.9,190,90,PG
7.2,.498,4.2,.337,6.4,.751,2.9,4.0,1.3,0.4,2.2,185,86,SG
5.3,.453,4.7,.355,3.0,.798,3.7,3.9,2.3,0.2,1.8,188,83,PG
2.1,.500,0.1,0,0.9,.364,1.8,0.2,0.4,0.4,0,206,C
4.6,.438,3.3,.338,2.8,.762,3.6,3.8,1.1,0.2,1.6,190,90,PG
6.2,.440,4.0,.347,5.6,.805,3.5,3.1,0.9,0.1,1.9,190,86,PG
3.5,.445,2.9,.327,2.0,.747,3.2,4.1,1.4,0.1,1.6,183,72,PG
2.2,.465,1.8,.434,1.0,.752,1.1,0.7,0.6,0.1,0.8,193,90,PF
8.1,.552,1.1,.350,3.8,.772,7.2,1.0,1.0,1.2,1.0,196,102,SF
5.4,.472,5.9,.394,3.5,.827,2.8,2.1,1.2,0.2,1.6,188,83,SG
0.7,.357,0.6,0,0.8,.629,0.6,0.2,0.2,0.1,0.3,201,97,C
3.9,.513,3.3,.397,2.8,.856,5.6,1.4,0.5,0.6,1.7,201,113,PF
6.4,.458,2.1,.338,3.4,.616,3.6,1.2,0.8,0.4,1.4,196,86,SG
3.6,.573,4.0,.378,2.2,0,4.0,2.4,0.9,0.2,1.6,196,90,SG
6.5,.490,2.9,.290,2.4,.596,2.0,5.6,1.5,0.1,2.8,190,84,PG
7.8,.598,0.0,0,3.5,.693,6.6,0.9,0.5,1.7,2.0,208,108,PF
5.0,.476,4.4,.377,2.7,.755,4.3,2.5,1.1,0.9,1.3,198,95,SG
5.2,.572,2.8,.312,3.2,.653,4.4,1.7,1.6,0.5,2.0,196,90,SG
7.8,.497,5.4,.394,5.1,.882,2.6,3.7,1.2,0.1,2.5,188,88,SG
6.1,.423,3.5,.323,5.4,.841,2.7,3.5,0.9,0.2,2.6,198,92,SG
3.0,.577,0.0,0,0.9,.500,3.8,0.3,0.3,0.7,0.7,208,108,PF
8.6,.500,1.5,.404,4.7,.817,4.1,5.1,1.6,0.5,2.7,198,81,PG
6.5,.557,3.1,.301,4.2,.716,4.1,3.8,1.1,0.1,2.3,183,81,PG
4.0,.437,5.1,.409,3.2,.787,3.1,4.5,1.4,0.1,1.9,188,79,PG
4.3,.494,4.2,.333,1.6,.726,4.8,1.9,0.9,0.7,1.5,203,92,SF
4.0,.465,4.7,.395,2.5,.888,1.7,0.9,0.5,0.0,1.2,190,94,SG
6.2,.469,4.2,.422,3.9,.795,3.2,4.7,1.2,0.2,3.0,185,83,PG
3.6,.572,5.4,.394,2.0,.748,5.0,3.0,0.8,0.7,1.9,201,86,SG
2.1,.473,0.0,0,0.7,.650,2.7,0.2,0.2,0.6,0.4,213,117,C
7.1,.508,1.8,.353,4.2,.687,5.5,2.1,1.0,0.2,1.9,201,86,SF
3.8,.472,0.0,0,2.7,.550,4.3,0.3,0.2,1.0,0,208,PG
0,0,0,0,1.7,.709,2.9,1.2,1.0,0.2,1.3,193,86,PF
4.6,.620,0.0,0,2.6,.575,6.3,0.9,0.6,0.9,0.9,206,97,PF
4.1,.521,7.1,.438,3.8,.856,2.7,1.1,0.7,0.3,1.3,193,97,SG
7.5,.523,3.8,.325,4.6,.716,11.1,2.4,0.5,0.3,2.3,206,91,PF
0.3,.300,0.2,.000,0.4,0,0.4,0.1,0.3,0.0,0,190,87,SF
7.8,.547,1.0,.138,2.5,.573,10.8,3.1,1.1,0.6,2.2,196,78,SF
9.1,.493,1.7,.328,5.3,.638,8.0,1.5,1.2,1.8,1.8,206,114,PF
4.3,.478,3.6,.401,2.4,.731,5.4,0.7,0.4,0.3,1.5,198,99,SF
7.4,.461,6.1,.377,4.5,.795,4.0,4.2,0.7,0.2,3.2,190,83,PG
7.4,.509,4.5,.341,4.4,.774,5.4,1.4,0.8,0.3,2.3,206,97,PF
7.2,.480,5.3,.322,5.3,.777,4.0,1.9,1.1,0.2,2.0,193,90,SG
3.4,.427,1.9,.259,2.2,.661,3.5,1.8,0.5,0.1,1.6,190,90,PG
8.4,.442,2.8,.377,4.5,.796,1.9,4.0,1.0,0.1,2.3,185,88,PG
6.6,.466,2.7,.342,4.4,.740,3.9,6.7,1.4,0.1,3.3,185,81,PG
4.6,.500,5.2,.405,4.7,.871,2.8,3.1,1.1,0.1,1.8,190,83,SG
4.2,.532,3.7,.352,2.8,.798,3.2,2.1,1.2,0.2,1.5,196,86,SG
9.5,.493,1.1,.403,5.4,.755,6.9,1.0,0.4,1.6,1.9,203,108,PF
6.6,.462,1.2,.230,4.6,.677,4.1,3.1,1.9,0.3,2.8,193,72,SG
5.9,.475,4.6,.343,4.0,.769,3.3,1.8,0.6,0.9,2.0,196,90,SG
4.4,.510,2.1,.284,3.0,.706,4.7,3.5,1.9,1.0,1.8,193,86,PG
8.5,.545,0.4,.302,3.9,.692,6.3,1.2,0.7,1.6,1.7,211,97,PF
3.0,.455,4.3,.409,1.0,.746,2.5,1.5,0.7,0.2,1.1,203,88,SF
5.8,.517,3.9,.386,4.0,.784,5.1,2.0,0.6,0.2,2.2,201,92,SF
9.4,.454,2.8,.382,6.6,.777,5.8,2.0,1.5,0.8,2.3,193,93,SG
3.5,.499,1.5,.257,2.2,.746,4.4,3.4,0.8,0.3,1.5,198,88,SG
6.9,.462,5.5,.386,4.8,.806,3.3,2.5,1.2,0.1,2.3,188,83,PG
5.1,.432,4.3,.334,2.1,.716,4.5,1.2,0.6,0.3,1.2,201,88,SG
1.9,.545,4.9,.419,1.2,.864,2.5,1.2,0.6,0.3,0.7,203,86,PF
3.9,.477,2.3,.375,2.8,.741,3.2,1.8,0.8,0.6,1.5,193,88,SG
2.9,.566,3.1,.324,2.2,.745,2.3,1.0,0.6,0.2,1.3,196,79,SG
9.3,.495,4.0,.336,7.6,.778,3.8,3.6,0.8,0.1,2.8,190,86,PG
3.6,.542,5.1,.437,2.8,.811,3.0,4.1,0.8,0.2,1.5,193,81,SG
2.8,.526,4.1,.364,2.6,.738,2.1,1.3,0.9,0.1,1.1,193,84,SG
6.4,.574,1.1,.450,3.4,.717,5.0,1.8,1.1,1.1,1.1,196,88,SG
4.7,.511,3.8,.433,1.8,.700,8.0,0.8,0.7,1.5,1.0,206,117,PF
2.2,.669,0.4,.370,1.0,.633,3.4,0.3,0.5,1.2,0.4,196,85,SG
6.8,.430,3.9,.365,3.8,.763,3.0,2.1,1.3,0.2,1.7,190,99,SG
5.1,.578,3.2,.406,2.1,.719,4.6,2.5,1.4,0.3,1.6,190,90,SG
5.7,.566,4.9,.378,5.7,.827,3.7,2.4,0.5,0.2,2.0,193,86,SG
4.8,.433,0.1,.000,2.7,.632,7.9,1.0,0.4,0.8,1.1,206,97,PF
4.5,.643,2.7,.385,2.2,.698,4.5,0.5,0.8,0.4,1.2,208,95,C
4.6,.466,1.5,.344,3.2,.722,3.9,3.4,1.0,0.2,1.9,193,95,PG
7.8,.468,2.7,.341,2.5,.699,3.8,2.1,0.9,0.4,1.6,203,95,SF
5.5,.481,3.5,.337,2.7,.788,4.5,1.5,0.7,1.1,1.3,203,87,SF
6.6,.554,0.9,0,1.3,.798,7.8,0.8,0.4,1.1,0.7,213,111,C
0.3,.000,0.3,.500,0.1,0,0.1,0.1,0.1,0.0,0,188,83,C
5.8,.533,2.6,.375,3.0,.625,8.6,2.7,1.4,0.7,1.4,201,95,SF
5.6,.487,0.0,0,2.1,.551,4.7,0.4,0.4,0.6,1.2,203,102,C
5.6,.561,2.2,.261,3.1,.747,6.8,0.8,0.3,1.9,1.5,211,99,PF
9.1,.493,10.3,.360,8.6,.861,3.9,8.7,1.7,0.3,5.2,188,81,PG
